{"cameraMode":{"drawMode":0,"name":"Shaded","section":"Shading Mode"},"sceneLighting":false,"audioPlay":false,"sceneViewState":{"m_AlwaysRefresh":false,"showFog":true,"showSkybox":true,"showFlares":true,"showImageEffects":true,"showParticleSystems":true,"showVisualEffectGraphs":true,"m_FxEnabled":true},"in2DMode":false,"pivot":{"x":2.6500000953674318,"y":0.5130000114440918,"z":3.299999952316284},"rotation":{"x":-0.39693883061408999,"y":0.022572709247469903,"z":-0.00976588111370802,"w":-0.9175173044204712},"size":2.2466702461242677,"orthographic":false}